Tennis Match Report,Date: 2026-05-11,Opponent: Regionals - Chopticon TB,CourtId: C9,Court: Court 9 — Mixed Doubles 1

Final Score Summary
Team,Sets Won,Set 1,Set 2,Set 3 (10pt TB)
Our Team (Mixed Doubles 1),1,="6-1",="0-6",="8-10"
Regionals - Chopticon TB,2,="1-6",="6-0",="10-8"

Court Results
Court,Description,Type,Note,Result
Court 1,Boys Singles 1,singles,,
Court 2,Girls Singles 1,singles,,
Court 3,Boys Singles 2,singles,,
Court 4,Girls Singles 2,singles,,
Court 5,Boys Doubles 1,doubles,,
Court 6,Girls Doubles 1,doubles,,
Court 7,Boys Doubles 2,doubles,,
Court 8,Girls Doubles 2,doubles,,
Court 9,Mixed Doubles 1,mixed,,L

Player Stats
Player,Aces,Errors,Double-Faults,Winners
Brandon,20,3,0,1
Maddie,6,2,1,1
OppBoy,28,4,0,3
OppGirl,0,2,0,1

Timeline
Timestamp,Player,Action,Game Score,Set Score
03:05:29 PM,Brandon,Ace,="15-0",="Set 1: 0-0"
03:05:29 PM,Brandon,Ace,="30-0",="Set 1: 0-0"
03:05:29 PM,Brandon,Ace,="40-0",="Set 1: 0-0"
03:05:29 PM,Brandon,Ace,="Game Won",="Set 1: 1-0"
03:05:30 PM,Brandon,Ace,="15-0",="Set 1: 1-0"
03:05:30 PM,Brandon,Ace,="30-0",="Set 1: 1-0"
03:05:31 PM,Maddie,Ace,="40-0",="Set 1: 1-0"
03:05:31 PM,Maddie,Ace,="Game Won",="Set 1: 2-0"
03:05:31 PM,Maddie,Ace,="15-0",="Set 1: 2-0"
03:05:32 PM,Maddie,Ace,="30-0",="Set 1: 2-0"
03:05:33 PM,OppBoy,Ace,="30-15",="Set 1: 2-0"
03:05:33 PM,OppBoy,Ace,="30-30",="Set 1: 2-0"
03:05:34 PM,OppBoy,Ace,="30-40",="Set 1: 2-0"
03:05:34 PM,OppBoy,Ace,="Game Won",="Set 1: 2-1"
03:05:35 PM,Brandon,Ace,="15-0",="Set 1: 2-1"
03:05:35 PM,Brandon,Ace,="30-0",="Set 1: 2-1"
03:05:36 PM,Brandon,Ace,="40-0",="Set 1: 2-1"
03:05:36 PM,Brandon,Ace,="Game Won",="Set 1: 3-1"
03:05:36 PM,Brandon,Ace,="15-0",="Set 1: 3-1"
03:05:36 PM,Brandon,Ace,="30-0",="Set 1: 3-1"
03:05:36 PM,Brandon,Ace,="40-0",="Set 1: 3-1"
03:05:37 PM,Brandon,Ace,="Game Won",="Set 1: 4-1"
03:05:37 PM,Maddie,Ace,="15-0",="Set 1: 4-1"
03:05:37 PM,Maddie,Ace,="30-0",="Set 1: 4-1"
03:05:38 PM,Brandon,Ace,="40-0",="Set 1: 4-1"
03:05:39 PM,Brandon,Ace,="Game Won",="Set 1: 5-1"
03:05:39 PM,Brandon,Ace,="15-0",="Set 1: 5-1"
03:05:40 PM,Brandon,Ace,="30-0",="Set 1: 5-1"
03:05:40 PM,Brandon,Ace,="40-0",="Set 1: 5-1"
03:05:41 PM,Brandon,Ace,="Game Won",="Set 1: 6-1"
03:05:43 PM,OppBoy,Ace,="0-15",="Set 2: 0-0"
03:05:43 PM,OppBoy,Ace,="0-30",="Set 2: 0-0"
03:05:43 PM,OppBoy,Ace,="0-40",="Set 2: 0-0"
03:05:44 PM,OppBoy,Ace,="Game Won",="Set 2: 0-1"
03:05:45 PM,OppBoy,Ace,="0-15",="Set 2: 0-1"
03:05:45 PM,OppBoy,Ace,="0-30",="Set 2: 0-1"
03:05:45 PM,OppBoy,Ace,="0-40",="Set 2: 0-1"
03:05:46 PM,OppBoy,Ace,="Game Won",="Set 2: 0-2"
03:05:47 PM,OppBoy,Ace,="0-15",="Set 2: 0-2"
03:05:47 PM,OppBoy,Ace,="0-30",="Set 2: 0-2"
03:05:47 PM,OppBoy,Ace,="0-40",="Set 2: 0-2"
03:05:48 PM,OppBoy,Ace,="Game Won",="Set 2: 0-3"
03:05:48 PM,OppBoy,Ace,="0-15",="Set 2: 0-3"
03:05:49 PM,OppBoy,Ace,="0-30",="Set 2: 0-3"
03:05:49 PM,OppBoy,Ace,="0-40",="Set 2: 0-3"
03:05:49 PM,OppBoy,Ace,="Game Won",="Set 2: 0-4"
03:05:50 PM,OppBoy,Ace,="0-15",="Set 2: 0-4"
03:05:50 PM,OppBoy,Ace,="0-30",="Set 2: 0-4"
03:05:50 PM,OppBoy,Ace,="0-40",="Set 2: 0-4"
03:05:51 PM,OppBoy,Ace,="Game Won",="Set 2: 0-5"
03:05:52 PM,OppBoy,Ace,="0-15",="Set 2: 0-5"
03:05:53 PM,OppBoy,Ace,="0-30",="Set 2: 0-5"
03:05:53 PM,OppBoy,Ace,="0-40",="Set 2: 0-5"
03:05:54 PM,OppBoy,Ace,="Game Won",="Set 2: 0-6"
03:06:32 PM,Brandon,Winner,="1-0",="Set 3: 1-0"
03:06:35 PM,OppBoy,Error,="2-0",="Set 3: 2-0"
03:06:35 PM,OppGirl,Error,="3-0",="Set 3: 3-0"
03:06:44 PM,OppBoy,Error,="4-0",="Set 3: 4-0"
03:06:53 PM,OppBoy,Error,="5-0",="Set 3: 5-0"
03:06:59 PM,OppBoy,Winner,="5-1",="Set 3: 5-1"
03:07:06 PM,OppGirl,Winner,="5-2",="Set 3: 5-2"
03:07:06 PM,Maddie,Winner,="6-2",="Set 3: 6-2"
03:10:50 PM,Brandon,Error,="6-3",="Set 3: 6-3"
03:11:22 PM,OppBoy,Winner,="6-4",="Set 3: 6-4"
03:11:44 PM,OppBoy,Winner,="6-5",="Set 3: 6-5"
03:12:13 PM,Maddie,Error,="6-6",="Set 3: 6-6"
03:13:11 PM,OppBoy,Error,="7-6",="Set 3: 7-6"
03:14:06 PM,Maddie,Error,="7-7",="Set 3: 7-7"
03:14:33 PM,Maddie,Double-Fault,="7-8",="Set 3: 7-8"
03:14:55 PM,OppGirl,Error,="8-8",="Set 3: 8-8"
03:15:36 PM,Brandon,Error,="8-9",="Set 3: 8-9"
03:16:28 PM,Brandon,Error,="8-10",="Set 3: 8-10"
